card_id,content_id,sort_order,card_name
1,cnt_d048f40282,1,DИМ х ИЗТОЛПЫ - 140 BPM
1,cnt_e62173526d,2,DИМ х ИЗТОЛПЫ - 140 BPM
2,cnt_20469242fa,1,Во все тяжкие (Breaking bad)
2,cnt_c4606ab4e1,2,Во все тяжкие (Breaking bad)
2,cnt_220ed8e52e,3,Во все тяжкие (Breaking bad)
2,cnt_e01146cc33,4,Во все тяжкие (Breaking bad)
2,cnt_ed763c1651,5,Во все тяжкие (Breaking bad)
2,cnt_b4400443ac,6,Во все тяжкие (Breaking bad)
2,cnt_8090664a4e,7,Во все тяжкие (Breaking bad)
2,cnt_93cd734a6c,8,Во все тяжкие (Breaking bad)
2,cnt_571ad6b056,9,Во все тяжкие (Breaking bad)
2,cnt_1d64f01b60,10,Во все тяжкие (Breaking bad)
2,cnt_525945364b,11,Во все тяжкие (Breaking bad)
2,cnt_7465124f3e,13,Во все тяжкие (Breaking bad)
2,cnt_e86e55721e,12,Во все тяжкие (Breaking bad)
2,cnt_bfc05bb864,14,Во все тяжкие (Breaking bad)
2,cnt_2b72369c3c,15,Во все тяжкие (Breaking bad)
2,cnt_f5175e3e78,16,Во все тяжкие (Breaking bad)
2,cnt_cc3d4d5f35,17,Во все тяжкие (Breaking bad)
2,cnt_f737e54985,18,Во все тяжкие (Breaking bad)
2,cnt_114093f978,19,Во все тяжкие (Breaking bad)
2,cnt_77619144d9,20,Во все тяжкие (Breaking bad)
2,cnt_b681d708c2,21,Во все тяжкие (Breaking bad)
2,cnt_ec114b9123,22,Во все тяжкие (Breaking bad)
2,cnt_ebb9b67fa7,24,Во все тяжкие (Breaking bad)
2,cnt_3a11d5a9e5,23,Во все тяжкие (Breaking bad)
3,cnt_038e47cb79,3,Among Us
3,cnt_6da919a733,1,Among Us
3,cnt_558cf5b66d,2,Among Us
3,cnt_9f884b2e05,4,Among Us
3,cnt_d5cc5ec3ef,5,Among Us
3,cnt_d3b99bb803,6,Among Us
4,cnt_668828a6b7,2,007 First Light
4,cnt_c93cc3f15e,1,007 First Light
5,cnt_eae5c458d0,1,Аватар: Легенда об Аанге
5,cnt_1e206dea7c,2,Аватар: Легенда об Аанге
5,cnt_29f017dea7,3,Аватар: Легенда об Аанге
5,cnt_06c471f3c8,4,Аватар: Легенда об Аанге
5,cnt_d012e32b02,5,Аватар: Легенда об Аанге
5,cnt_0b674d1153,6,Аватар: Легенда об Аанге
6,cnt_c73b8d0da7,4,Нейросозвоны
6,cnt_ef8935ff83,1,Нейросозвоны
6,cnt_c5496b31c2,2,Нейросозвоны
6,cnt_463aa2c450,5,Нейросозвоны
6,cnt_4976697efb,3,Нейросозвоны
7,cnt_82b4518e42,1,Человек-бензопила
7,cnt_d780c629fb,2,Человек-бензопила
7,cnt_c8f09c4076,3,Человек-бензопила
7,cnt_11593b395e,4,Человек-бензопила
7,cnt_c0c96534e8,5,Человек-бензопила
8,cnt_b61f2a9925,1,Школа-тюрьма
8,cnt_d417459bdc,2,Школа-тюрьма
9,cnt_2feaf3dbf0,4,Атака Титанов
9,cnt_0316cc4447,1,Атака Титанов
9,cnt_3cd9ac6230,2,Атака Титанов
9,cnt_93f08ab09e,3,Атака Титанов
9,cnt_f280e76c80,4,Атака Титанов
10,cnt_ffa24c55dc,2,Пираты черной лагуны
10,cnt_c3f8b6bc64,1,Пираты черной лагуны
11,cnt_e59a67fc77,1,Боец Баки
11,cnt_40eed8e7e2,2,Боец Баки
11,cnt_551a058aa1,3,Боец Баки
11,cnt_22732eae83,4,Боец Баки
11,cnt_af6284ac5f,5,Боец Баки
11,cnt_7639f39388,6,Боец Баки
11,cnt_2027654f2f,7,Боец Баки
12,cnt_8a6b6920fc,1,Василиск
12,cnt_539306bd5d,2,Василиск
13,cnt_4a5596ce22,1,Ковбой Бибоп
13,cnt_aa5a5590fb,3,Ковбой Бибоп
13,cnt_c918f0537c,2,Ковбой Бибоп
13,cnt_4fe8fd0bfd,4,Ковбой Бибоп
14,cnt_5b3d708074,1,Самурай Чамплу
14,cnt_b95e2e46b5,2,Самурай Чамплу
15,cnt_039c24b596,1,Дандандан
15,cnt_7b3d33c711,2,Дандандан
15,cnt_45a0b7041d,3,Дандандан
16,cnt_c76cfe2625,1,Тетрадь смерти
16,cnt_34c4a76e8a,2,Тетрадь смерти
16,cnt_74b8b4e959,3,Тетрадь смерти
16,cnt_313c6f3358,4,Тетрадь смерти
17,cnt_1e700b6a82,1,"Клинок, рассекающий демонов"
17,cnt_c330a5685d,4,"Клинок, рассекающий демонов"
17,cnt_6c67a6cab6,2,"Клинок, рассекающий демонов"
17,cnt_fb990dd86e,3,"Клинок, рассекающий демонов"
17,cnt_a5929faa82,5,"Клинок, рассекающий демонов"
17,cnt_40e1096e68,6,"Клинок, рассекающий демонов"
18,cnt_a107503a4b,1,Стальной алхимик
18,cnt_28d3121420,2,Стальной алхимик
18,cnt_fee3b98f4e,3,Стальной алхимик
18,cnt_ebe421fcca,4,Стальной алхимик
18,cnt_e4fe297a44,5,Стальной алхимик
18,cnt_35d486505f,6,Стальной алхимик
19,cnt_06a9cd1522,1,Необъятный океан 
19,cnt_53ce942bf1,2,Необъятный океан 
20,cnt_d25d367f4c,1,Код Гиасс
20,cnt_5c42643388,3,Код Гиасс
20,cnt_e561d35489,2,Код Гиасс
20,cnt_a9f88dbc7e,4,Код Гиасс
20,cnt_b511ecad99,6,Код Гиасс
20,cnt_802f7eeb91,5,Код Гиасс
21,cnt_e9982bef47,1,Гуррен-Лаганн 
21,cnt_3db781aa7b,2,Гуррен-Лаганн 
21,cnt_1b60a90c0b,3,Гуррен-Лаганн 
22,cnt_ff481dc21a,1,Волейбол!
22,cnt_2d4827baf4,2,Волейбол!
22,cnt_78eefcee18,3,Волейбол!
22,cnt_9a4d0fb204,4,Волейбол!
22,cnt_540ae7f4ae,5,Волейбол!
22,cnt_f0efd4a877,6,Волейбол!
22,cnt_84e5472170,7,Волейбол!
23,cnt_60bc025767,1,ДжоДжо
23,cnt_7c3cb2b8f2,2,ДжоДжо
23,cnt_8ae203b92e,3,ДжоДжо
23,cnt_7dd4ac39b7,4,ДжоДжо
23,cnt_7fd9fa1ceb,5,ДжоДжо
23,cnt_b9d42bc269,6,ДжоДжо
23,cnt_770ef79b91,7,ДжоДжо
23,cnt_45408b6144,8,ДжоДжо
23,cnt_92418d913f,9,ДжоДжо
23,cnt_520972ec55,10,ДжоДжо
23,cnt_4f7f810fdc,11,ДжоДжо
23,cnt_e2a4f93cb8,12,ДжоДжо
23,cnt_29921342f8,13,ДжоДжо
23,cnt_cbb42ec567,14,ДжоДжо
24,cnt_4b01c332fc,3,Магическая битва
24,cnt_3b1fac853f,6,Магическая битва
24,cnt_781d9473f6,5,Магическая битва
24,cnt_f4286ade6c,1,Магическая битва
24,cnt_9269aad8c8,2,Магическая битва
24,cnt_5ce2bb860b,3,Магическая битва
24,cnt_0555c3e1f2,7,Магическая битва
24,cnt_05b1d90877,9,Магическая битва
24,cnt_85f24ed6cf,8,Магическая битва
25,cnt_f70039beaf,7,Госпожа Кагуя: В любви как на войне
25,cnt_515080e754,5,Госпожа Кагуя: В любви как на войне
25,cnt_20aeed90be,6,Госпожа Кагуя: В любви как на войне
25,cnt_39db970376,1,Госпожа Кагуя: В любви как на войне
25,cnt_0cf4975b3b,2,Госпожа Кагуя: В любви как на войне
25,cnt_cd2c134a33,3,Госпожа Кагуя: В любви как на войне
25,cnt_1afb90ef3f,4,Госпожа Кагуя: В любви как на войне
25,cnt_c0c96534e8,8,Госпожа Кагуя: В любви как на войне
26,cnt_d97cc49ec0,3,Коносуба
26,cnt_86971adc26,4,Коносуба
26,cnt_820e7628b2,1,Коносуба
26,cnt_0a5cde4935,2,Коносуба
27,cnt_b4872de512,1,Агент времени
27,cnt_e43479dece,2,Агент времени
27,cnt_84f59f1a8f,3,Агент времени
27,cnt_28d2a4e93d,4,Агент времени
28,cnt_35f99e0926,1,Магия и мускулы
28,cnt_3b0f8dd9de,2,Магия и мускулы
28,cnt_57c629a96d,3,Магия и мускулы
28,cnt_ea78eb4289,4,Магия и мускулы
29,cnt_a9e5e4dd34,1,Наруто
29,cnt_d0cb924350,8,Наруто
29,cnt_dc4fb15ce9,2,Наруто
29,cnt_fa50234d76,3,Наруто
29,cnt_24235e0da1,4,Наруто
29,cnt_684dae327e,5,Наруто
29,cnt_0baf677c4d,6,Наруто
29,cnt_0c688bbaa8,7,Наруто
29,cnt_5f403b8116,9,Наруто
29,cnt_33be1a019c,14,Наруто
29,cnt_7c097d2187,15,Наруто
29,cnt_e192d9f97f,16,Наруто
29,cnt_591fe3e78c,17,Наруто
29,cnt_28e4217a01,18,Наруто
29,cnt_66efd63511,19,Наруто
29,cnt_607316c48b,10,Наруто
29,cnt_61140bd6e7,20,Наруто
29,cnt_4f59273e92,21,Наруто
29,cnt_53b577a535,22,Наруто
29,cnt_21370370ae,23,Наруто
29,cnt_469b0f7e4f,24,Наруто
29,cnt_cd48234a15,25,Наруто
29,cnt_28b221eea2,11,Наруто
29,cnt_f74d342365,26,Наруто
29,cnt_18d61107fd,27,Наруто
29,cnt_66a9119f10,28,Наруто
29,cnt_d1303abfb7,29,Наруто
29,cnt_016b780e17,12,Наруто
29,cnt_ef187d3446,13,Наруто
29,cnt_a4b8027047,30,Наруто
29,cnt_ddc1b89ec9,31,Наруто
29,cnt_c238aca856,32,Наруто
30,cnt_22dee9907b,1,Ванпанчмен
30,cnt_f53022f3e8,3,Ванпанчмен
30,cnt_2783cc7da9,2,Ванпанчмен
30,cnt_4d8507e100,4,Ванпанчмен
31,cnt_1ea76b9744,1,Семья шпиона
31,cnt_ed09187060,2,Семья шпиона
31,cnt_a2de2b10a3,3,Семья шпиона
32,cnt_0c1b1f822b,1,Башня Бога
32,cnt_f0267127d2,2,Башня Бога
32,cnt_d26d704707,3,Башня Бога
32,cnt_c0c96534e8,4,Башня Бога
33,cnt_579b84ed73,1,Обещанный Неверленд
33,cnt_7be4169083,2,Обещанный Неверленд
34,cnt_34be7acbed,1,Arcane
34,cnt_01b34e1237,2,Arcane
34,cnt_c0819b1da6,5,Arcane
34,cnt_247360219e,6,Arcane
34,cnt_484fbc39f8,3,Arcane
34,cnt_aecd4c5c18,4,Arcane
35,cnt_0113e091bb,1,The Wolf Among Us
35,cnt_bbfbc2d35d,2,The Wolf Among Us
36,cnt_4d3ceba8df,4,Баттл-рэп: Главное
36,cnt_423bc28bf8,5,Баттл-рэп: Главное
36,cnt_3b2194c314,6,Баттл-рэп: Главное
36,cnt_661776adc9,7,Баттл-рэп: Главное
36,cnt_c894fff82f,9,Баттл-рэп: Главное
36,cnt_0f0a3e1b45,10,Баттл-рэп: Главное
36,cnt_3e7cc64d35,11,Баттл-рэп: Главное
36,cnt_0cddc207a6,13,Баттл-рэп: Главное
36,cnt_4a67cdb745,14,Баттл-рэп: Главное
36,cnt_71eb87b12a,15,Баттл-рэп: Главное
36,cnt_fbe41eba1f,16,Баттл-рэп: Главное
36,cnt_22cf13642c,17,Баттл-рэп: Главное
36,cnt_0caad1513d,18,Баттл-рэп: Главное
36,cnt_f65ad5d4eb,19,Баттл-рэп: Главное
36,cnt_ff557a3b43,20,Баттл-рэп: Главное
36,cnt_b3cf799d8e,21,Баттл-рэп: Главное
36,cnt_8d5d1153a2,22,Баттл-рэп: Главное
36,cnt_d31d73ec8d,23,Баттл-рэп: Главное
36,cnt_2102f502fa,24,Баттл-рэп: Главное
36,cnt_b97eeaae17,26,Баттл-рэп: Главное
36,cnt_34570b0d28,25,Баттл-рэп: Главное
36,cnt_67b8bc152a,12,Баттл-рэп: Главное
36,cnt_5a0ed438cd,1,Баттл-рэп: Главное
36,cnt_aceeea39b2,3,Баттл-рэп: Главное
36,cnt_1387540754,2,Баттл-рэп: Главное
36,cnt_4250e8cecf,8,Баттл-рэп: Главное
37,cnt_67b8bc152a,,Беременна в 16
37,cnt_7d13eb0f62,,Беременна в 16
37,cnt_b0142e7cd8,,Беременна в 16
37,cnt_7454e919f3,,Беременна в 16
37,cnt_0aac6fb98b,,Беременна в 16
37,cnt_537d7f9f6e,,Беременна в 16
37,cnt_11e4045e06,,Беременна в 16
37,cnt_d8df9e334d,,Беременна в 16
37,cnt_fd20cbf98f,,Беременна в 16
37,cnt_2daec57a10,,Беременна в 16
37,cnt_15c09bfebd,,Беременна в 16
37,cnt_863bd73090,,Беременна в 16
37,cnt_07cd9c9a68,,Беременна в 16
37,cnt_c0c6afaafb,,Беременна в 16
37,cnt_8b3cd89d07,,Беременна в 16
37,cnt_501d6b19e6,,Беременна в 16
37,cnt_f7675275b7,,Беременна в 16
37,cnt_b401925255,,Беременна в 16
37,cnt_8ab7f40bf1,,Беременна в 16
37,cnt_5210b50ff6,,Беременна в 16
37,cnt_683202b23c,,Беременна в 16
37,cnt_8600983938,,Беременна в 16
37,cnt_739a901026,,Беременна в 16
37,cnt_7095ceac30,,Беременна в 16
37,cnt_17c5fefbb1,,Беременна в 16
37,cnt_c75520cec9,,Беременна в 16
37,cnt_cf77e05565,,Беременна в 16
37,cnt_8dd22aae69,,Беременна в 16
37,cnt_e382ab6991,,Беременна в 16
37,cnt_682486dca0,,Беременна в 16
37,cnt_e9c983e1af,,Беременна в 16
37,cnt_19d6673e90,,Беременна в 16
37,cnt_0b9c4a2312,,Беременна в 16
37,cnt_f2a525df0c,,Беременна в 16
37,cnt_3b3f75f5a7,,Беременна в 16
37,cnt_3f7157efcc,,Беременна в 16
37,cnt_639ca65321,,Беременна в 16
37,cnt_18a56cae53,,Беременна в 16
37,cnt_3874cae14c,,Беременна в 16
37,cnt_6edb25e825,,Беременна в 16
37,cnt_77b08edcf1,,Беременна в 16
37,cnt_b02190e9cb,,Беременна в 16
37,cnt_57036e822f,,Беременна в 16
37,cnt_b040c69b98,,Беременна в 16
37,cnt_0dffed4cde,,Беременна в 16
37,cnt_85b0fbe469,,Беременна в 16
37,cnt_53600ee708,,Беременна в 16
37,cnt_c10d29e7ac,,Беременна в 16
37,cnt_9a7451b54a,,Беременна в 16
37,cnt_09b92e9f83,,Беременна в 16
37,cnt_fc2a68bd72,,Беременна в 16
37,cnt_310bf175ea,,Беременна в 16
37,cnt_b37a40eac6,,Беременна в 16
37,cnt_c7df004af3,,Беременна в 16
37,cnt_933624cb85,,Беременна в 16
37,cnt_6f4a9ead9f,,Беременна в 16
37,cnt_32b546803a,,Беременна в 16
37,cnt_5a21def970,,Беременна в 16
37,cnt_1a028bae06,,Беременна в 16
37,cnt_973c4f6132,,Беременна в 16
37,cnt_2d98e4d867,,Беременна в 16
37,cnt_a5b81b4930,,Беременна в 16
37,cnt_8d6baadc53,,Беременна в 16
38,cnt_c7ccba7c2c,,Положняк
38,cnt_743245f5e0,,Положняк
38,cnt_10aa06d006,,Положняк
38,cnt_b64b074fc4,,Положняк
38,cnt_be9faf76eb,,Положняк
38,cnt_1e1591a9e9,,Положняк
38,cnt_6855a90bee,,Положняк
38,cnt_e6429354eb,,Положняк
38,cnt_a81462f900,,Положняк
38,cnt_67854fe158,,Положняк
38,cnt_d332ab7ed3,,Положняк
38,cnt_42842cbb6b,,Положняк
38,cnt_2ef892a6cd,,Положняк
39,cnt_67b7e60ea3,,Counter Strike
39,cnt_ec37ab8d40,,Counter Strike
39,cnt_096239b077,,Counter Strike
39,cnt_6c6d9636c0,,Counter Strike
39,cnt_d66eb2e041,,Counter Strike
39,cnt_fd0ac3639f,,Counter Strike
39,cnt_a807434908,,Counter Strike
39,cnt_6b07756727,,Counter Strike
39,cnt_676beb5cd2,,Counter Strike
39,cnt_df47c8a887,,Counter Strike
39,cnt_4a82880ddd,,Counter Strike
39,cnt_70bedd9533,,Counter Strike
39,cnt_b79fa69b9b,,Counter Strike
39,cnt_2941190d91,,Counter Strike
39,cnt_c6a4ff9556,,Counter Strike
39,cnt_c1e1f6e724,,Counter Strike
40,cnt_67b7e60ea3,,Пенсионерские стримы
40,cnt_ec37ab8d40,,Пенсионерские стримы
40,cnt_6c6d9636c0,,Пенсионерские стримы
40,cnt_c14a07bcc5,,Пенсионерские стримы
40,cnt_e3d8abebcd,,Пенсионерские стримы
40,cnt_fa6b1cdea7,,Пенсионерские стримы
40,cnt_a4201b65b9,,Пенсионерские стримы
40,cnt_ae78922064,,Пенсионерские стримы
40,cnt_cb8179c5d0,,Пенсионерские стримы
40,cnt_d94f859b56,,Пенсионерские стримы
40,cnt_95b720da2b,,Пенсионерские стримы
40,cnt_7973e36cfe,,Пенсионерские стримы
40,cnt_fc3cc6becc,,Пенсионерские стримы
40,cnt_fc8d817f74,,Пенсионерские стримы
40,cnt_d99c7d1a16,,Пенсионерские стримы
40,cnt_3b96c457c4,,Пенсионерские стримы
40,cnt_f24c7e537e,,Пенсионерские стримы
40,cnt_d2f51a1470,,Пенсионерские стримы
40,cnt_87bb8e3a7d,,Пенсионерские стримы
40,cnt_b9024baec4,,Пенсионерские стримы
40,cnt_ee36970cf8,,Пенсионерские стримы
40,cnt_f116973639,,Пенсионерские стримы
40,cnt_a9dfcc0636,,Пенсионерские стримы
40,cnt_6f5472b87e,,Пенсионерские стримы
40,cnt_8dc2f935eb,,Пенсионерские стримы
40,cnt_64c833e767,,Пенсионерские стримы
40,cnt_376a529138,,Пенсионерские стримы
40,cnt_1c62fa90fd,,Пенсионерские стримы
40,cnt_cac1afa9a4,,Пенсионерские стримы
40,cnt_6dd5d57d1b,,Пенсионерские стримы
40,cnt_13f86efbb3,,Пенсионерские стримы
40,cnt_4b5486f73b,,Пенсионерские стримы
40,cnt_c35015cf18,,Пенсионерские стримы
40,cnt_8c7568c8bc,,Пенсионерские стримы
40,cnt_f9384dbc65,,Пенсионерские стримы
40,cnt_317ab76440,,Пенсионерские стримы
40,cnt_0fe2d4c0f1,,Пенсионерские стримы
40,cnt_70bedd9533,,Пенсионерские стримы
40,cnt_0568879ddf,,Пенсионерские стримы
40,cnt_9910225d2b,,Пенсионерские стримы
40,cnt_1392898aae,,Пенсионерские стримы
40,cnt_abec9a7902,,Пенсионерские стримы
40,cnt_9bae008865,,Пенсионерские стримы
40,cnt_dc8b3dddef,,Пенсионерские стримы
40,cnt_c7828c85a8,,Пенсионерские стримы
41,cnt_aa3e9039da,,Drago
41,cnt_a9ed922afc,,Drago
41,cnt_b1adab1191,,Drago
41,cnt_5d74827fe9,,Drago
41,cnt_69deae506c,,Drago
41,cnt_9d8bdc2712,,Drago
41,cnt_139294f8a6,,Drago
41,cnt_12bbc2cd5c,,Drago
41,cnt_7b6b89dfa6,,Drago
41,cnt_6ee59cfc2d,,Drago
41,cnt_cc9e909ba9,,Drago
41,cnt_a9b28c82bf,,Drago
41,cnt_bf106ad492,,Drago
41,cnt_313e648d09,,Drago
41,cnt_d6d5073ee2,,Drago
41,cnt_dd796e7bec,,Drago
41,cnt_d21a94ae4f,,Drago
41,cnt_668828a6b7,,Drago
42,cnt_0bfd0b8ff8,,Exile
42,cnt_8e7757f0ed,,Exile
42,cnt_bc3c77c29b,,Exile
42,cnt_9d37b89c54,,Exile
42,cnt_31256479ec,,Exile
42,cnt_f403139c18,,Exile
42,cnt_a6654c6558,,Exile
42,cnt_81b9793391,,Exile
42,cnt_cec1803045,,Exile
42,cnt_46e8405d7c,,Exile
42,cnt_5c58f94d9b,,Exile
42,cnt_29309f8d4c,,Exile
42,cnt_cfb9ea3dc2,,Exile
42,cnt_a84bf048d5,,Exile
42,cnt_9a5eeddb05,,Exile
42,cnt_895f30b22e,,Exile
42,cnt_39938f057b,,Exile
42,cnt_21a61d568a,,Exile
42,cnt_3d2bbd2102,,Exile
42,cnt_b6bc7097cc,,Exile
42,cnt_864e086087,,Exile
42,cnt_309b5a6a82,,Exile
42,cnt_8caa68d0d1,,Exile
42,cnt_7c1968ad6f,,Exile
43,cnt_9eff575e75,,WWE 2k26
43,cnt_cdf9525e94,,WWE 2k26
44,cnt_0d7fbf3b4c,,Demon souls
44,cnt_8ab54c4bbf,,Demon souls
44,cnt_4d18a57cf3,,Demon souls
44,cnt_ed257f69fd,,Demon souls
44,cnt_2678c6d21d,,Demon souls
44,cnt_402ba5af36,,Demon souls
44,cnt_faa9b1d12c,,Demon souls
44,cnt_13bfc9ae2f,,Demon souls
44,cnt_89d98f81d8,,Demon souls
44,cnt_9076af90c8,,Demon souls
44,cnt_9a028dd42f,,Demon souls
44,cnt_2b6369f745,,Demon souls
44,cnt_0f8651c0eb,,Demon souls
44,cnt_005f08d6c9,,Demon souls
44,cnt_8a3e83482e,,Demon souls
44,cnt_82a2e16665,,Demon souls
44,cnt_b3fb2727e4,,Demon souls
44,cnt_99e82d2e3c,,Demon souls
44,cnt_b54316107d,,Demon souls
44,cnt_fb1d48e792,,Demon souls
45,cnt_1932bd23bc,,Tanakaboss
45,cnt_80c1cf64b4,,Tanakaboss
45,cnt_1576b1aecf,,Tanakaboss
45,cnt_bf106ad492,,Tanakaboss
45,cnt_c412fdbd70,,Tanakaboss
45,cnt_fdc57ab6d9,,Tanakaboss
45,cnt_2076cee955,,Tanakaboss
46,cnt_69816d2084,,ОСД
46,cnt_bd313ac856,,ОСД
46,cnt_407c8f0d77,,ОСД
47,cnt_369d8cd93e,,Хайлайты
47,cnt_e0be10c63f,,Хайлайты
47,cnt_b9769f716d,,Хайлайты
47,cnt_f8180754f9,,Хайлайты
47,cnt_7bd6364af5,,Хайлайты
47,cnt_d2b9f3cab5,,Хайлайты
47,cnt_e7aa05a968,,Хайлайты
47,cnt_565cf64d44,,Хайлайты
47,cnt_5d05462358,,Хайлайты
47,cnt_6fbdc7396c,,Хайлайты
47,cnt_beba893b6a,,Хайлайты
47,cnt_b0e282fb7e,,Хайлайты
48,cnt_a5b81b4930,,Сапер
48,cnt_2f41a6d005,,Сапер
48,cnt_3c763d009a,,Сапер
49,cnt_676beb5cd2,,FIFA
49,cnt_1aa0389afa,,FIFA
49,cnt_d0bd1369d3,,FIFA
49,cnt_c808b425fd,,FIFA
49,cnt_ad09cf96ee,,FIFA
49,cnt_8969f06b7b,,FIFA
49,cnt_c3780e6fb5,,FIFA
49,cnt_a7c2a05c92,,FIFA
49,cnt_912ca41f2d,,FIFA
49,cnt_072dd059b5,,FIFA
49,cnt_6b1ced2c89,,FIFA
49,cnt_7bf516ad98,,FIFA
49,cnt_301cb818e7,,FIFA
49,cnt_76a7501aae,,FIFA
49,cnt_fa28a3af18,,FIFA
49,cnt_2c616493c5,,FIFA
49,cnt_96877b0ca6,,FIFA
49,cnt_73a5acb750,,FIFA
49,cnt_8a3e83482e,,FIFA
49,cnt_8bdf866121,,FIFA
49,cnt_adecffbb4c,,FIFA
49,cnt_2af2a709d9,,FIFA
49,cnt_4a1f14ade0,,FIFA
50,cnt_1aa0389afa,,Особня милф
50,cnt_7bf516ad98,,Особня милф
50,cnt_616f55b656,,Особня милф
50,cnt_59443de607,,Особня милф
50,cnt_c6a040d81b,,Особня милф
50,cnt_a69fbfda69,,Особня милф
50,cnt_d4d7dfaa74,,Особня милф
50,cnt_7d5eefe5f0,,Особня милф
50,cnt_37ce3610a8,,Особня милф
51,cnt_cb8179c5d0,,Hunt: Showdown
51,cnt_a7d72c13bd,,Hunt: Showdown
51,cnt_40f584cbed,,Hunt: Showdown
51,cnt_c08ff7edc5,,Hunt: Showdown
51,cnt_faffe5a825,,Hunt: Showdown
51,cnt_cfb3ece8d9,,Hunt: Showdown
51,cnt_b8e671bbe8,,Hunt: Showdown
51,cnt_476c5b9a18,,Hunt: Showdown
51,cnt_ae5b1f3867,,Hunt: Showdown
51,cnt_7399427aff,,Hunt: Showdown
51,cnt_4191e245b9,,Hunt: Showdown
51,cnt_8bfcb6803d,,Hunt: Showdown
52,cnt_dce7182aea,,GTA
52,cnt_a9d43f171a,,GTA
52,cnt_b5a316f15b,,GTA
52,cnt_bc7348d624,,GTA
52,cnt_1b3a991c1d,,GTA
52,cnt_13c77cb369,,GTA
52,cnt_7c5e0179b8,,GTA
52,cnt_8967ed8527,,GTA
53,cnt_9531c5cfc3,,Сорвиголова + Сорвиголова: Рождённый заново
53,cnt_252ad1fb47,,Сорвиголова + Сорвиголова: Рождённый заново
53,cnt_e8846d3379,,Сорвиголова + Сорвиголова: Рождённый заново
53,cnt_1c52dcf269,,Сорвиголова + Сорвиголова: Рождённый заново
53,cnt_ae0c89e543,,Сорвиголова + Сорвиголова: Рождённый заново
53,cnt_6f3b756027,,Сорвиголова + Сорвиголова: Рождённый заново
53,cnt_f0cfcdf47e,,Сорвиголова + Сорвиголова: Рождённый заново
53,cnt_1af6b57acb,,Сорвиголова + Сорвиголова: Рождённый заново
53,cnt_b39c908eef,,Сорвиголова + Сорвиголова: Рождённый заново
53,cnt_4ce349ea5e,,Сорвиголова + Сорвиголова: Рождённый заново
53,cnt_495996c124,,Сорвиголова + Сорвиголова: Рождённый заново
53,cnt_ceed3ddad7,,Сорвиголова + Сорвиголова: Рождённый заново
54,cnt_e46ba1ec33,,Dark souls
54,cnt_19002a451d,,Dark souls
54,cnt_4e5b1d2ec0,,Dark souls
54,cnt_29a7b2d3e6,,Dark souls
54,cnt_49b1b2009f,,Dark souls
54,cnt_9805c38635,,Dark souls
54,cnt_5ec8b93fdb,,Dark souls
54,cnt_6df814e051,,Dark souls
54,cnt_5ae2340a1f,,Dark souls
54,cnt_4a1f14ade0,,Dark souls
55,cnt_62633018ab,,Detroit: Become Human
55,cnt_8ef4dc5dbe,,Detroit: Become Human
55,cnt_c67142074c,,Detroit: Become Human
55,cnt_cc8e5f7607,,Detroit: Become Human
55,cnt_f2822a69c7,,Detroit: Become Human
56,cnt_12f00a2c58,,Дима Хулиган
56,cnt_775a68b910,,Дима Хулиган
56,cnt_75e12d4a01,,Дима Хулиган
56,cnt_72f1ef5cd7,,Дима Хулиган
56,cnt_87ed6ad0b3,,Дима Хулиган
56,cnt_424b7a9cb9,,Дима Хулиган
57,cnt_faffe5a825,,24 ЧАСА
57,cnt_aed128bd69,,24 ЧАСА
57,cnt_b79fa69b9b,,24 ЧАСА
57,cnt_58335232e2,,24 ЧАСА
57,cnt_7bf516ad98,,24 ЧАСА
58,cnt_2ffc6a8347,,4 Свадьбы
58,cnt_74971c7b32,,4 Свадьбы
58,cnt_fbece2bd7d,,4 Свадьбы
58,cnt_766e0be92d,,4 Свадьбы
58,cnt_28d7af577c,,4 Свадьбы
58,cnt_4e403c26d7,,4 Свадьбы
58,cnt_985870a23f,,4 Свадьбы
58,cnt_557c7b4a95,,4 Свадьбы
58,cnt_4efdb03344,,4 Свадьбы
58,cnt_8f9d778ce8,,4 Свадьбы
58,cnt_6e737606f8,,4 Свадьбы
58,cnt_0bd9e2cc1f,,4 Свадьбы
58,cnt_69c578055d,,4 Свадьбы
58,cnt_cfc655876b,,4 Свадьбы
58,cnt_b725c65615,,4 Свадьбы
58,cnt_2210b2ba6f,,4 Свадьбы
58,cnt_d013d1875f,,4 Свадьбы
58,cnt_a6dc327851,,4 Свадьбы
58,cnt_0f688d5e9b,,4 Свадьбы
58,cnt_e3b862310c,,4 Свадьбы
58,cnt_5000b5d6f6,,4 Свадьбы
58,cnt_ad715c670d,,4 Свадьбы
58,cnt_84df99af9b,,4 Свадьбы
58,cnt_608db4ba30,,4 Свадьбы
58,cnt_d5fb236e28,,4 Свадьбы
58,cnt_6131339d58,,4 Свадьбы
58,cnt_aa33f4903d,,4 Свадьбы
58,cnt_3d61b8a0a3,,4 Свадьбы
58,cnt_9bba1d1692,,4 Свадьбы
58,cnt_cc6c95c1e0,,4 Свадьбы
58,cnt_87a0a12a63,,4 Свадьбы
58,cnt_74c33e4abb,,4 Свадьбы
58,cnt_0146d6d1db,,4 Свадьбы
58,cnt_15c4d09fc7,,4 Свадьбы
58,cnt_f38e6765d9,,4 Свадьбы
58,cnt_46598ff42a,,4 Свадьбы
58,cnt_a33e5040ba,,4 Свадьбы
58,cnt_a83f1cb7de,,4 Свадьбы
58,cnt_b6051ca757,,4 Свадьбы
58,cnt_b8e671bbe8,,4 Свадьбы
58,cnt_1c3708ea24,,4 Свадьбы
58,cnt_b8c23f71d2,,4 Свадьбы
58,cnt_3d5ef63846,,4 Свадьбы
58,cnt_ffc3f9752f,,4 Свадьбы
58,cnt_25ccd18eab,,4 Свадьбы
58,cnt_79441aa391,,4 Свадьбы
58,cnt_50817828a8,,4 Свадьбы
58,cnt_fcd339e12b,,4 Свадьбы
58,cnt_c7f22fc170,,4 Свадьбы
58,cnt_c9b49e49af,,4 Свадьбы
58,cnt_991ad7a148,,4 Свадьбы
58,cnt_7d13eb0f62,,4 Свадьбы
58,cnt_eed81cc9c9,,4 Свадьбы
58,cnt_a2f40d3dfa,,4 Свадьбы
59,cnt_9805c38635,,Сердца за любовь
59,cnt_5ec8b93fdb,,Сердца за любовь
59,cnt_6df814e051,,Сердца за любовь
59,cnt_51b9ee72ba,,Сердца за любовь
59,cnt_4d8507e100,,Сердца за любовь
59,cnt_5ae2340a1f,,Сердца за любовь
59,cnt_a32f1148b9,,Сердца за любовь
59,cnt_7c0519fb63,,Сердца за любовь
60,cnt_991ad7a148,,Мужское/Женское
60,cnt_a0c026b4e9,,Мужское/Женское
60,cnt_28cd80536c,,Мужское/Женское
60,cnt_f3fb70bff8,,Мужское/Женское
60,cnt_24ca325119,,Мужское/Женское
60,cnt_d338a31628,,Мужское/Женское
60,cnt_2d3d8641d5,,Мужское/Женское
60,cnt_ee053940dd,,Мужское/Женское
60,cnt_757c2cdfd9,,Мужское/Женское
60,cnt_0697071e85,,Мужское/Женское
60,cnt_ec90761a21,,Мужское/Женское
60,cnt_c814c9817a,,Мужское/Женское
60,cnt_b79fa69b9b,,Мужское/Женское
61,cnt_c856b989c4,,Пацанки
61,cnt_a131531a1b,,Пацанки
61,cnt_c74f1e80d9,,Пацанки
61,cnt_62d76cb283,,Пацанки
61,cnt_077b6db8ac,,Пацанки
61,cnt_9a2f55abfe,,Пацанки
61,cnt_684f16a9fe,,Пацанки
61,cnt_d5d8382e9f,,Пацанки
61,cnt_e99e8fa52c,,Пацанки
61,cnt_b9177eac73,,Пацанки
61,cnt_cf7b7a8727,,Пацанки
61,cnt_46efe9249f,,Пацанки
61,cnt_c74841bec0,,Пацанки
61,cnt_ff5253a45f,,Пацанки
61,cnt_b175821a99,,Пацанки
61,cnt_e57cd3df7e,,Пацанки
61,cnt_9caeffdb4d,,Пацанки
61,cnt_9e3f05b0d2,,Пацанки
61,cnt_c1566b7550,,Пацанки
61,cnt_909c276f3a,,Пацанки
61,cnt_ccce7a981b,,Пацанки
61,cnt_73d9970055,,Пацанки
61,cnt_6f9de779bc,,Пацанки
61,cnt_ad45c3ff67,,Пацанки
61,cnt_b85d27b5f8,,Пацанки
62,cnt_89c31c4acb,,Немножко разведены
62,cnt_91ecddfd28,,Немножко разведены
62,cnt_9a2cce2c0e,,Немножко разведены
62,cnt_6e7876fa84,,Немножко разведены
62,cnt_fccf042dc4,,Немножко разведены
62,cnt_ccc334ae72,,Немножко разведены
62,cnt_c1e92d5a44,,Немножко разведены
62,cnt_7d5f827414,,Немножко разведены
62,cnt_02ac70ce72,,Немножко разведены
62,cnt_4e596913bb,,Немножко разведены
62,cnt_684e7fcadb,,Немножко разведены
62,cnt_95362fb14a,,Немножко разведены
62,cnt_5e78bb7a89,,Немножко разведены
62,cnt_9c85d91ad6,,Немножко разведены
62,cnt_7892aa4575,,Немножко разведены
62,cnt_6c94966948,,Немножко разведены
62,cnt_86e64c4f75,,Немножко разведены
62,cnt_33a5a2f338,,Немножко разведены
62,cnt_394160a616,,Немножко разведены
63,cnt_9802ba0004,,Dispatch
63,cnt_e2a15d5a77,,Dispatch
63,cnt_28c682dd25,,Dispatch
64,cnt_aa8f985fbc,,Фарго
64,cnt_c8323ebc11,,Фарго
64,cnt_8ac39f9d41,,Фарго
64,cnt_64dda3f844,,Фарго
65,cnt_9c2e06cf00,,Бесконечно лето
65,cnt_337ec4f333,,Бесконечно лето
65,cnt_09356b90f8,,Бесконечно лето
65,cnt_edb789a5bd,,Бесконечно лето
65,cnt_3eaba9419f,,Бесконечно лето
66,cnt_377bfa2038,,Ведьмак 3
66,cnt_e7cf9f0bd4,,Ведьмак 3
66,cnt_2783f13217,,Ведьмак 3
66,cnt_29e8d34fe3,,Ведьмак 3
66,cnt_b1433e4f30,,Ведьмак 3
67,cnt_419c3913cf,,Elden ring
67,cnt_34f13a8198,,Elden ring
67,cnt_cc5b4bf96c,,Elden ring
67,cnt_e88039125d,,Elden ring
68,cnt_e4815f6a97,,Игра The last of us
68,cnt_576d5e9ac3,,Игра The last of us
68,cnt_4944a849c3,,Игра The last of us
68,cnt_5bbe6732c6,,Игра The last of us
68,cnt_c2362d2c47,,Игра The last of us
68,cnt_5d08b65bdc,,Игра The last of us
68,cnt_8513b53411,,Игра The last of us
68,cnt_5ea294835e,,Игра The last of us
68,cnt_173f10ea65,,Игра The last of us
68,cnt_71d7cf15b1,,Игра The last of us
68,cnt_e53af6d74e,,Игра The last of us
68,cnt_b33d34aee1,,Игра The last of us
68,cnt_ff08894853,,Игра The last of us
68,cnt_a98afcb174,,Игра The last of us
68,cnt_3966d609ff,,Игра The last of us
68,cnt_74c220244c,,Игра The last of us
68,cnt_805eb222ca,,Игра The last of us
68,cnt_649fcfb635,,Игра The last of us
68,cnt_3563426c1e,,Игра The last of us
69,cnt_3a45c043d7,,Tinny Bunny
69,cnt_154f24252e,,Tinny Bunny
69,cnt_b5e7045d26,,Tinny Bunny
70,cnt_395435d40c,,Палочник
70,cnt_205d7e3231,,Палочник
70,cnt_d72057e875,,Палочник
70,cnt_bca7397493,,Палочник
70,cnt_f071e10977,,Палочник
71,cnt_b62ce0f065,,A way out
71,cnt_30044ad2bf,,A way out
71,cnt_278b98b8ab,,A way out
72,cnt_21a67779bd,,Black Myth: Wukong
72,cnt_442b65c656,,Black Myth: Wukong
72,cnt_51dc5c02b7,,Black Myth: Wukong
73,cnt_3ae177a587,,Bully
73,cnt_53faae354f,,Bully
73,cnt_ed97b30d05,,Bully
73,cnt_b9d1bb3a1d,,Bully
74,cnt_d3ee43b10b,,Call of LDPR
74,cnt_d1e7daaf46,,Call of LDPR
75,cnt_52c3f32404,,Crime Life: Gang Wars
75,cnt_27ae7a8110,,Crime Life: Gang Wars
76,cnt_e86f3f6570,,Fears to Fathom
76,cnt_06e50e00db,,Fears to Fathom
76,cnt_20d75b9594,,Fears to Fathom
77,cnt_83c0231bdc,,Half-Life Alyx
77,cnt_111f23d710,,Half-Life Alyx
78,cnt_1482f61564,,Hitman: Blood Money
78,cnt_1ec5874bf9,,Hitman: Blood Money
79,cnt_1d7275f51a,,inZOI
79,cnt_0996f00a5c,,inZOI
80,cnt_d22269a213,,Layers Of Fear
80,cnt_37f121aea8,,Layers Of Fear
80,cnt_591c54a126,,Layers Of Fear
81,cnt_6edb61b5be,,Little Hope
81,cnt_67394ca4a5,,Little Hope
82,cnt_8977051142,,Man of Medan
82,cnt_00cf43c199,,Man of Medan
83,cnt_6413528bf2,,Need for Speed: Carbon
83,cnt_fec119a0df,,Need for Speed: Carbon
84,cnt_13a71a9e57,,Phasmophobia
84,cnt_920c270cf1,,Phasmophobia
84,cnt_d94f859b56,,Phasmophobia
85,cnt_522ab71065,,Skyrim
85,cnt_efedfd3135,,Skyrim
85,cnt_a72dc62398,,Skyrim
86,cnt_9759eb3d13,,The Life and Suffering of Sir Brante
86,cnt_16999e2799,,The Life and Suffering of Sir Brante
87,cnt_e60365956b,,Toilet management simulator
87,cnt_6ee59cfc2d,,Toilet management simulator
88,cnt_f03ee2827c,,God of War
88,cnt_750872720a,,God of War
88,cnt_f8078101c2,,God of War
88,cnt_688f7240ca,,God of War
88,cnt_e63a41a55e,,God of War
88,cnt_a1537968b8,,God of War
88,cnt_cc53c20450,,God of War
89,cnt_8b24bb2e7f,,Hogwarts Legacy
89,cnt_78c736bc60,,Hogwarts Legacy
89,cnt_4b99b50ec6,,Hogwarts Legacy
90,cnt_1c43f89d60,,Kingdom Come: Deliverance
90,cnt_619f9dd35a,,Kingdom Come: Deliverance
90,cnt_20407a97c6,,Kingdom Come: Deliverance
90,cnt_fd106613a4,,Kingdom Come: Deliverance
90,cnt_e886d46e7c,,Kingdom Come: Deliverance
90,cnt_f91c2a0dbe,,Kingdom Come: Deliverance
90,cnt_7144b846f5,,Kingdom Come: Deliverance
91,cnt_f9cc331073,1,Kingdom Come: Deliverance II
91,cnt_45d0e2672b,4,Kingdom Come: Deliverance II
91,cnt_17f50b5447,2,Kingdom Come: Deliverance II
91,cnt_29160c9b4b,3,Kingdom Come: Deliverance II
92,cnt_8a4f0b663e,,Mafia II: Definitive Edition
92,cnt_aaaa897e42,,Mafia II: Definitive Edition
92,cnt_7f9aa3372b,,Mafia II: Definitive Edition
92,cnt_bb3522d5d5,,Mafia II: Definitive Edition
92,cnt_d8a5c0a7ea,,Mafia II: Definitive Edition
93,cnt_db624afc46,,Mafia: The City of Lost Heaven
93,cnt_739bf915e0,,Mafia: The City of Lost Heaven
94,cnt_b922fa6cfe,,Mafia: Definitive Edition
94,cnt_e9742fa732,,Mafia: Definitive Edition
94,cnt_812eddde8a,,Mafia: Definitive Edition
94,cnt_c25ecab382,,Mafia: Definitive Edition
94,cnt_bb9d3937d8,,Mafia: Definitive Edition
94,cnt_591ab29cf9,,Mafia: Definitive Edition
95,cnt_9d324f8802,,Mafia: The Old Country
95,cnt_3d2ad9d0e9,,Mafia: The Old Country
95,cnt_414c76dfed,,Mafia: The Old Country
95,cnt_81911f0568,,Mafia: The Old Country
96,cnt_387bef3c09,,Outlast
96,cnt_4f50ed8055,,Outlast
96,cnt_5c49bb14b9,,Outlast
96,cnt_2ce1201f17,,Outlast
96,cnt_92ff4c3488,,Outlast
96,cnt_b5562e93bc,,Outlast
97,cnt_b6b1db5a40,,Outlast 2
97,cnt_91368e2020,,Outlast 2
97,cnt_c81d3986a2,,Outlast 2
97,cnt_5509e93758,,Outlast 2
97,cnt_5d385bf476,,Outlast 2
97,cnt_069a7d0ec7,,Outlast 2
98,cnt_c578a459d3,,Resident Evil 4
98,cnt_4aacc40eb5,,Resident Evil 4
98,cnt_c3826bebe5,,Resident Evil 4
98,cnt_8012923a5b,,Resident Evil 5
99,cnt_05e8c818be,,Resident Evil 3
99,cnt_c7c414f7eb,,Resident Evil 4
100,cnt_dcfc568453,,Resident Evil 2
100,cnt_c26422cb22,,Resident Evil 2
100,cnt_f53fca0d27,,Resident Evil 2
100,cnt_8367873185,,Resident Evil 2
100,cnt_cf0a218fc3,,Resident Evil 2
100,cnt_4ed39ef58b,,Resident Evil 2
100,cnt_92ff4c3488,,Resident Evil 2
101,cnt_7652fa56e8,1,Resident Evil 7
101,cnt_c988c2a77f,10,Resident Evil 7
101,cnt_e3d69e5834,3,Resident Evil 7
101,cnt_65caf6e06b,4,Resident Evil 7
101,cnt_31c6115af9,5,Resident Evil 7
101,cnt_28d29fcbd9,6,Resident Evil 7
101,cnt_56b09e7afe,7,Resident Evil 7
101,cnt_3ff938cabc,8,Resident Evil 7
101,cnt_04e984f2e7,9,Resident Evil 7
101,cnt_92ff4c3488,11,Resident Evil 7
101,cnt_d2c5077aaa,2,Resident Evil 7
102,cnt_71a03b3c57,,Resident Evil 8
102,cnt_c32ada5367,,Resident Evil 8
102,cnt_0d819e52f9,,Resident Evil 8
102,cnt_9f420f097a,,Resident Evil 8
102,cnt_2a7fb9b6c6,,Resident Evil 8
102,cnt_836cf3bdf3,,Resident Evil 8
102,cnt_b1f031b1c7,,Resident Evil 8
103,cnt_0a2ea1b193,,Resident Evil Requiem
103,cnt_b2dbdd0d95,,Resident Evil Requiem
104,cnt_c8d89ec458,,Subnautica
104,cnt_9d6a0177b3,,Subnautica
104,cnt_a44579122d,,Subnautica
104,cnt_de0cb6510d,,Subnautica
105,cnt_a59680e1ed,1,The Beast Inside
105,cnt_417fc4a6ad,2,The Beast Inside
105,cnt_39ec8c1e7b,3,The Beast Inside
105,cnt_bba7a8701d,4,The Beast Inside
105,cnt_32479f01ad,5,The Beast Inside
105,cnt_3ca6bb9e1e,7,The Beast Inside
105,cnt_bfdd10ea2c,8,The Beast Inside
105,cnt_a141a5065e,6,The Beast Inside
105,cnt_92ff4c3488,9,The Beast Inside
105,cnt_069a7d0ec7,10,The Beast Inside
106,cnt_992b103212,6,The Walking Dead (игра)
106,cnt_6a024eff3f,1,The Walking Dead (игра)
106,cnt_80e2ffc89a,2,The Walking Dead (игра)
106,cnt_fd65543862,3,The Walking Dead (игра)
106,cnt_c960830d49,4,The Walking Dead (игра)
106,cnt_52458c0d07,5,The Walking Dead (игра)
106,cnt_b75fb53735,7,The Walking Dead (игра)
106,cnt_0e331bc33a,8,The Walking Dead (игра)
106,cnt_d4ef4562f9,9,The Walking Dead (игра)
106,cnt_47cfa7fb19,10,The Walking Dead (игра)
106,cnt_0a8ffc2e20,11,The Walking Dead (игра)
106,cnt_709936ff23,13,The Walking Dead (игра)
106,cnt_0725f1b3a8,14,The Walking Dead (игра)
106,cnt_b6244812fc,15,The Walking Dead (игра)
106,cnt_35d70d0111,16,The Walking Dead (игра)
106,cnt_c8bb6ed487,12,The Walking Dead (игра)
107,cnt_89a974b305,,Until Dawn
107,cnt_a2d4d41e9b,,Until Dawn
107,cnt_b7bd1ab6fb,,Until Dawn
107,cnt_ec0af4ca83,,Until Dawn
108,cnt_5e1f561e2e,,Дом Дракона
108,cnt_9077fe6d5a,,Дом Дракона
108,cnt_dd15a2ef0a,,Дом Дракона
108,cnt_4c05e9a995,,Дом Дракона
109,cnt_eceb0c8c5a,1,Игра престолов
109,cnt_aae7196659,2,Игра престолов
109,cnt_b6f267c90f,3,Игра престолов
109,cnt_a4a9be6a90,4,Игра престолов
109,cnt_b6b7e75e6e,5,Игра престолов
109,cnt_dacf2d6d93,6,Игра престолов
109,cnt_558a88ef1e,7,Игра престолов
109,cnt_baed271db7,8,Игра престолов
109,cnt_f3d10cb624,9,Игра престолов
109,cnt_894ff0c2c1,10,Игра престолов
109,cnt_061ec9eb50,11,Игра престолов
109,cnt_57c55a7da5,12,Игра престолов
109,cnt_5c8e7a104d,14,Игра престолов
109,cnt_011fca87ea,13,Игра престолов
109,cnt_5cb6202cf2,15,Игра престолов
109,cnt_dfa6adf0b3,16,Игра престолов
109,cnt_6399e15b21,17,Игра престолов
109,cnt_027fab0e75,18,Игра престолов
109,cnt_2c9c4ba625,19,Игра престолов
109,cnt_05f65bed67,20,Игра престолов
109,cnt_dd15727e01,21,Игра престолов
109,cnt_3eb2e05ec7,22,Игра престолов
109,cnt_f0c82ed62a,23,Игра престолов
109,cnt_0ed79e6f61,24,Игра престолов
109,cnt_817e33690c,25,Игра престолов
109,cnt_e59d9990e2,26,Игра престолов
109,cnt_cca0149050,27,Игра престолов
109,cnt_0e93bfb860,29,Игра престолов
109,cnt_631bc1e253,30,Игра престолов
109,cnt_6ecb8e3688,33,Игра престолов
109,cnt_beb232bbe0,31,Игра престолов
109,cnt_5d83cb6723,32,Игра престолов
110,cnt_ed504fd489,,Гравити Фолз
110,cnt_a67de0b861,,Гравити Фолз
110,cnt_a3991b6376,,Гравити Фолз
110,cnt_e53c79e438,,Гравити Фолз
111,cnt_18afccddb8,,"ИРЛ, Кукинги"
111,,,"ИРЛ, Кукинги"
111,,,"ИРЛ, Кукинги"
111,,,"ИРЛ, Кукинги"
111,,,"ИРЛ, Кукинги"
111,,,"ИРЛ, Кукинги"
111,,,"ИРЛ, Кукинги"
111,cnt_1c950aab03,,"ИРЛ, Кукинги"
111,cnt_2c7f87f3c2,,"ИРЛ, Кукинги"
111,cnt_3b65ccbf4d,,"ИРЛ, Кукинги"
111,cnt_6f6378c53b,,"ИРЛ, Кукинги"
112,cnt_2196e69d66,4,Властелин колец (+гоблин)
112,cnt_1b31a218ca,1,Властелин колец (+гоблин)
112,cnt_2f1b90ceec,7,Властелин колец (+гоблин)
112,cnt_e0fd99367b,8,Властелин колец (+гоблин)
112,cnt_34c2dca944,3,Властелин колец (+гоблин)
112,cnt_767c1a3806,2,Властелин колец (+гоблин)
112,cnt_c13c74691e,6,Властелин колец (+гоблин)
112,cnt_210b9c50b7,5,Властелин колец (+гоблин)
113,cnt_2f80599783,,Хоббит
113,cnt_a15f83459f,,Хоббит
114,cnt_5432189898,7,Гарри Поттер
114,cnt_e36f65a01e,8,Гарри Поттер
114,cnt_0504fbdb81,5,Гарри Поттер
114,cnt_19b4d31b0a,6,Гарри Поттер
114,cnt_e7dbfd3451,2,Гарри Поттер
114,cnt_042c31bf98,3,Гарри Поттер
114,cnt_b0148182bf,1,Гарри Поттер
114,cnt_be2dc132f3,4,Гарри Поттер
115,cnt_2fc15ed79b,,Законопослушный гражданин
115,cnt_ac2fb053eb,,Законопослушный гражданин
116,cnt_46f484e5bf,,Кошмар на улице Вязов (1984)
116,cnt_df854b955b,,Кошмар на улице Вязов (1984)
117,cnt_6801e833ad,,"Д/ф ""Я Ведаю, так что и вам придётся"""
117,cnt_e8dd16ecb5,,"Д/ф ""Я Ведаю, так что и вам придётся"""
118,cnt_eeabd00915,1,Звёздные войны
118,cnt_abd728440a,3,Звёздные войны
118,cnt_45c9dfea72,4,Звёздные войны
118,cnt_d999c9934e,5,Звёздные войны
118,cnt_ec7e33fb7a,6,Звёздные войны
118,cnt_797fad5cbd,2,Звёздные войны
118,cnt_5b333805de,7,Звёздные войны
119,cnt_0da7ed95f1,,Поляк
119,cnt_26fa9cf949,,Поляк
119,cnt_207126e263,,Поляк
119,cnt_a44102f089,,Поляк
119,cnt_b77a382a8e,,Поляк
120,cnt_b95e971220,,Алиса в пограничье
120,cnt_ad091afbbb,,Алиса в пограничье
120,cnt_85efb3f14a,,Алиса в пограничье
120,cnt_217928130e,,Алиса в пограничье
121,cnt_244efde441,,Детективное агентство Дирка Джентли
121,cnt_6c156a7364,,Детективное агентство Дирка Джентли
121,cnt_b3c4f4514d,,Детективное агентство Дирка Джентли
121,cnt_bea59b7419,,Детективное агентство Дирка Джентли
122,cnt_fa83378a45,,Коломбо
122,cnt_531da36d8b,,Коломбо
123,cnt_ca88a30f40,,Любовь. Смерть. Роботы
123,cnt_3ecda84c87,,Любовь. Смерть. Роботы
124,cnt_e264b154a6,,Место встречи изменить нельзя
124,cnt_073e6fde7c,,Место встречи изменить нельзя
125,cnt_f8e92aa603,,Мылодрама
125,cnt_da430861e4,,Мылодрама
125,cnt_b707795a2e,,Мылодрама
125,cnt_21c4d6a63c,,Мылодрама
126,cnt_85b12591ad,,Падение дома Ашеров
126,cnt_f379483537,,Падение дома Ашеров
127,cnt_19e5ac1581,,Пацаны
127,cnt_9d155bd220,,Пацаны
128,cnt_ab342076ec,,Призрак дома на холме
128,cnt_b44ca6cbef,,Призрак дома на холме
128,cnt_4554a5a360,,Призрак дома на холме
128,cnt_3f230e7466,,Призрак дома на холме
128,cnt_9470c375a9,,Призрак дома на холме
128,cnt_e85a0710de,,Призрак дома на холме
129,cnt_7b4caff53d,,Семнадцать мгновений весны
129,cnt_257627cea0,,Семнадцать мгновений весны
130,cnt_e0eae0cffe,,Ход королевы
130,cnt_bd671a5c9d,,Ход королевы
130,cnt_38f1fc0f77,,Ход королевы
131,cnt_332b3ff9aa,,Игра в кальмара
131,cnt_5cbf79b177,,Игра в кальмара
131,cnt_b23d831a60,,Игра в кальмара
131,cnt_5ceffd131f,,Игра в кальмара
131,cnt_e6ff8b9a84,,Игра в кальмара
131,cnt_aec6c8f8c0,,Игра в кальмара
131,cnt_462baea54c,,Игра в кальмара
131,cnt_1599e94fb0,,Игра в кальмара
131,cnt_af9b07a07e,,Игра в кальмара
132,cnt_230314bf6a,1,Сверхъестественное
132,cnt_a9025eab9d,2,Сверхъестественное
132,cnt_7e21636088,3,Сверхъестественное
132,cnt_74580f1603,4,Сверхъестественное
132,cnt_fec7670dd4,5,Сверхъестественное
132,cnt_3a1f29cdfb,6,Сверхъестественное
132,cnt_1572dbed26,7,Сверхъестественное
132,cnt_422f23ae0f,8,Сверхъестественное
132,cnt_c6d151892e,9,Сверхъестественное
132,cnt_a2b3eb7f18,10,Сверхъестественное
132,cnt_1e60a09501,11,Сверхъестественное
132,cnt_cf8ebb01d8,12,Сверхъестественное
132,cnt_763db7368a,13,Сверхъестественное
132,cnt_50fa86476b,14,Сверхъестественное
132,cnt_1b999902a0,15,Сверхъестественное
132,cnt_035e5cacc7,16,Сверхъестественное
132,cnt_136a016fde,17,Сверхъестественное
132,cnt_3a8cf41252,18,Сверхъестественное
132,cnt_4fc5efe589,19,Сверхъестественное
132,cnt_afbcd13ea1,20,Сверхъестественное
132,cnt_54b6738588,21,Сверхъестественное
132,cnt_7d0efab8a3,22,Сверхъестественное
132,cnt_54596acb39,23,Сверхъестественное
132,cnt_1604ebbe0b,24,Сверхъестественное
132,cnt_a9d724afab,25,Сверхъестественное
132,cnt_362a854517,26,Сверхъестественное
132,cnt_c9274311d0,27,Сверхъестественное
132,cnt_e66eeaec34,28,Сверхъестественное
132,cnt_3555122aaf,29,Сверхъестественное
132,cnt_ad3d83e2cc,30,Сверхъестественное
132,cnt_5ef6daa476,31,Сверхъестественное
132,cnt_d212d3325c,32,Сверхъестественное
132,cnt_dbcc03253e,33,Сверхъестественное
132,cnt_fb680fc6cb,34,Сверхъестественное
132,cnt_cfce6603ee,35,Сверхъестественное
132,cnt_bc2c37c229,36,Сверхъестественное
132,cnt_d4044851c0,37,Сверхъестественное
132,cnt_c81b615840,38,Сверхъестественное
132,cnt_d3025f8b2f,39,Сверхъестественное
132,cnt_39c0ffc8cb,40,Сверхъестественное
132,cnt_725fd1d713,41,Сверхъестественное
132,cnt_db1e48592d,42,Сверхъестественное
132,cnt_c71e9eed99,43,Сверхъестественное
132,cnt_ee8b3cfcf6,44,Сверхъестественное
132,cnt_d368e1c14b,45,Сверхъестественное
132,cnt_ac04ceaa3c,46,Сверхъестественное
132,cnt_0eb77c769b,47,Сверхъестественное
132,cnt_8b2eccdb1e,48,Сверхъестественное
132,cnt_b64a6b2ab5,49,Сверхъестественное
132,cnt_3ee074a308,50,Сверхъестественное
132,cnt_c7653f6642,51,Сверхъестественное
132,cnt_1fe67779ed,52,Сверхъестественное
132,cnt_eb6793ddce,53,Сверхъестественное
132,cnt_6d92e0255a,54,Сверхъестественное
132,cnt_f1a158e8a7,55,Сверхъестественное
132,cnt_1f3018cb09,56,Сверхъестественное
132,cnt_d9bb09a2c4,57,Сверхъестественное
132,cnt_307766e269,58,Сверхъестественное
132,cnt_a350f97cce,59,Сверхъестественное
132,cnt_4d656aa1c6,60,Сверхъестественное
132,cnt_292047a5de,61,Сверхъестественное
132,cnt_8792cbe008,62,Сверхъестественное
132,cnt_743958b8a1,63,Сверхъестественное
132,cnt_017abda4f2,64,Сверхъестественное
132,cnt_55cc584ab8,65,Сверхъестественное
132,cnt_af81ee46ab,66,Сверхъестественное
132,cnt_ea9532347f,67,Сверхъестественное
132,cnt_d2f600e731,68,Сверхъестественное
132,cnt_20a254b3fa,69,Сверхъестественное
132,cnt_95323a49aa,70,Сверхъестественное
132,cnt_00a93f37f1,71,Сверхъестественное
132,cnt_1869468f95,72,Сверхъестественное
132,cnt_b943702e6b,73,Сверхъестественное
132,cnt_510559bc5f,74,Сверхъестественное
132,cnt_528f58e62d,75,Сверхъестественное
132,cnt_b4a66e2913,76,Сверхъестественное
132,cnt_28d667feae,77,Сверхъестественное
132,cnt_329d9b770a,78,Сверхъестественное
132,cnt_97cc9b1e0c,79,Сверхъестественное
132,cnt_a963413a18,80,Сверхъестественное
132,cnt_b55f0302d0,81,Сверхъестественное
132,cnt_3242d4f1d6,82,Сверхъестественное
132,cnt_0ee24bde3a,83,Сверхъестественное
132,cnt_53865c5fc4,84,Сверхъестественное
132,cnt_aaf312b766,85,Сверхъестественное
132,cnt_874d4058b3,86,Сверхъестественное
132,cnt_35458121a0,87,Сверхъестественное
132,cnt_4afed0bd5f,88,Сверхъестественное
132,cnt_253b2fb820,89,Сверхъестественное
132,cnt_e01efbf306,90,Сверхъестественное
132,cnt_dc26410ec8,91,Сверхъестественное
132,cnt_ffc41d2cef,92,Сверхъестественное
132,cnt_10b07f9ee8,93,Сверхъестественное
132,cnt_787b628af0,94,Сверхъестественное
132,cnt_f46b58e32c,95,Сверхъестественное
132,cnt_db7bd956f5,96,Сверхъестественное
132,cnt_58eba3e23f,97,Сверхъестественное
132,cnt_090c82ecfb,98,Сверхъестественное
132,cnt_d1ea6e2746,99,Сверхъестественное
132,cnt_fde77ea48c,100,Сверхъестественное
132,cnt_5c82a7cc60,101,Сверхъестественное
132,cnt_69f5d07c2b,102,Сверхъестественное
132,cnt_62ece06c64,103,Сверхъестественное
133,cnt_57082ca78d,,Одни из нас
133,cnt_28d0d07661,,Одни из нас
133,cnt_cbe9e0d650,,Одни из нас
133,cnt_df501b50e7,,Одни из нас
133,cnt_3e1daef3e8,,Одни из нас
134,cnt_353fbb9f88,3,Гэнгста Чика
134,cnt_3c4cc457c0,4,Гэнгста Чика
134,cnt_11957e3042,5,Гэнгста Чика
134,cnt_92a53ea5f6,6,Гэнгста Чика
134,cnt_ab49f094ef,7,Гэнгста Чика
134,cnt_6a133482fe,8,Гэнгста Чика
134,cnt_c210f5c053,2,Гэнгста Чика
134,cnt_6c292cc918,1,Гэнгста Чика
9,cnt_230b40e7c0,,Атака Титанов
29,cnt_da35978b52,,Наруто
50,cnt_ef9bb1e615,,Особня милф
50,cnt_2bb984562d,,Особня милф
50,cnt_d11611ce59,,Особня милф
50,cnt_590104468b,,Особня милф
61,cnt_c2b0c64109,,Пацанки
110,cnt_89d9487e40,,Гравити Фолз
110,cnt_43eeca7b9d,,Гравити Фолз
110,cnt_70b8a645a1,,Гравити Фолз
110,cnt_7111a3c574,,Гравити Фолз
112,cnt_cd12d17bed,,Властелин колец (+гоблин)
135,cnt_ac43e1ecb9,,"No, I’m Not a Human"
135,cnt_c2af3b2bed,,"No, I’m Not a Human"
136,cnt_28268625ee,2,Baby Steps
136,cnt_4bf9133e4e,3,Baby Steps
136,cnt_61ff9ae66f,1,Baby Steps
137,cnt_66adbe81fc,,Петька и Василий Иванович спасают галактику
137,cnt_f654992daa,,Петька и Василий Иванович спасают галактику
138,cnt_f2c920508d,,Hitman 2: Silent Assassin
138,cnt_a2e7f72806,,Hitman 2: Silent Assassin
139,cnt_74e6e31e85,,House of Ashes
139,cnt_ebefbe8739,,House of Ashes
139,cnt_e8e2e660ed,,House of Ashes
140,cnt_6c81ce6b0b,,Dale & Dawson Stationery Supplies
140,cnt_1f6fa0e1e3,,Dale & Dawson Stationery Supplies
141,cnt_298c08b5d2,,INDIKA
141,cnt_0eacbc5745,,INDIKA
142,cnt_001e01d56c,,Мадагаскар
142,cnt_1c071540a7,,Мадагаскар
143,cnt_64c34f4114,,Helldivers 2
143,cnt_3bf15b1a90,,Helldivers 3
144,cnt_9c45a5cca6,,Lethal Company
144,cnt_228fa42ba3,,Lethal Company
144,cnt_0192454f04,,Lethal Company
144,cnt_376a529138,,Lethal Company
145,cnt_a074e4a7f3,,Dread Hunger
145,cnt_dac3c119bb,,Dread Hunger
145,cnt_93dd877afa,,Dread Hunger
146,cnt_85f019e8cd,,Getting Over It with Bennett Foddy
146,cnt_b23a6f5583,,Getting Over It with Bennett Foddy
147,cnt_9ff76b0b2e,,Only Up!
147,cnt_75a124d50c,,Only Up!
148,cnt_3ed72e8ff4,,It Takes Two
148,cnt_c00c67335c,,It Takes Two
148,cnt_2310e9bf98,,It Takes Two
149,cnt_72d2beac1b,,WarCraft 3
149,cnt_0a5c24f64f,,WarCraft 3
150,cnt_b9024baec4,,Dead by Daylight 
150,cnt_6f5472b87e,,Dead by Daylight 
150,cnt_8dc2f935eb,,Dead by Daylight 
150,cnt_4b5486f73b,,Dead by Daylight 
150,cnt_df47c8a887,,Dead by Daylight 
150,cnt_e96c6b1c76,,Dead by Daylight 
151,cnt_fc50a154ab,,Траффик (2000)
151,cnt_17ac575311,,Траффик (2000)
152,cnt_bdbb1c27c6,,Пила 5 (2008)
152,cnt_0417eeb2b7,,Пила 5 (2008)
153,cnt_40d4f0257f,,Пила 2 (2005)
153,cnt_bd24dc64dc,,Пила 2 (2005)
154,cnt_71f9754e23,,Пила 3 (2006)
154,cnt_bdc25c229f,,Пила 3 (2006)
155,cnt_4fd79eee03,,Пила 4 (2007)
155,cnt_4d11205db6,,Пила 4 (2007)
156,cnt_4c31a957b1,,Пила. Игра на выживание (2004)
156,cnt_0ead572c6d,,Пила. Игра на выживание (2004)
157,cnt_fe286b56f6,,F1 (2025)
157,cnt_d6a50fba5f,,F1 (2025)
158,cnt_0f13d14fd9,,Я слежу за тобой (2024)
158,cnt_56a3807467,,Я слежу за тобой (2024)
159,cnt_18f2f0d7ca,,Эдуард Суровый. Слёзы Брайтона (2019)
159,cnt_a84e3066de,,Эдуард Суровый. Слёзы Брайтона (2019)
160,cnt_f28b04039c,,Шум (2007)
160,cnt_373fbe29ed,,Шум (2007)
161,cnt_b00ee89a54,,Шерлок Холмс: Игра теней (2011)
161,cnt_e10d841630,,Шерлок Холмс: Игра теней (2011)
162,cnt_56b1efb259,,Шерлок Холмс (2009)
162,cnt_5411345bcf,,Шерлок Холмс (2009)
163,cnt_2a5354f1fd,,Шапито-шоу: Любовь и дружба (2011)
163,cnt_94dd93c794,,Шапито-шоу: Любовь и дружба (2011)
164,cnt_6e0a7ab391,,Чудо в камере № 7 (2019)
164,cnt_fc80c6384d,,Чудо в камере № 7 (2019)
165,cnt_84236063f0,,Кукинги
165,cnt_1ece241d1c,,Кукинги
165,cnt_8d850dc960,,Кукинги
165,cnt_d0288127e4,,Кукинги
165,cnt_a30dc267b5,,Кукинги
165,cnt_d068ea3856,,Кукинги